
<?xml version="1.0" encoding="UTF-8"?>
<!-- Import data for applicants 7, 12, 18, 22, and 24 -->
<!-- The easiest way to find these applicants is to search on NOT former/current emp, and available full-time. -->
<!-- Searching on this criteria in festiveBrown should result in these applicants being the first 5 results -->
<!-- See this link for more info on syntax: https://confl.tylertech.com/display/MHD/Using+the+XML+Import+in+Applicant+Master -->
<APPLICATION_DETAILS>
    <appnumber>7</appnumber>
    <ADDRESS_DETAILS>
        <addressone>123 Some Street</addressone>
        <addresstwo>Unit 4</addresstwo>
        <city>Hallowell</city>
        <state>ME</state>
        <zip>04347</zip>
    </ADDRESS_DETAILS> 
    <licenseno>1233219</licenseno>
    <firstname>Ronald</firstname>
    <lastname>McDonald</lastname>
    <minit>H</minit> 
    <emailaddr>RonaldHMcDonald@mailinator.com</emailaddr>
    <minimumsalary>100000</minimumsalary>
    <applicantnotes>This applicant has extensive experience as a restaurant mascot.  He is also experienced in sales and customer service, and has a penchant for charity.</applicantnotes>
</APPLICATION_DETAILS>

<APPLICATION_DETAILS>
    <appnumber>12</appnumber>
    <ADDRESS_DETAILS>
        <addressone>456 Other Street</addressone>
        <addresstwo>Unit 7</addresstwo>
        <city>Falmouth</city>
        <state>ME</state>
        <zip>04107</zip>
    </ADDRESS_DETAILS> 
    <licenseno>1430398</licenseno>
    <firstname>Tom</firstname>
    <lastname>Petty</lastname>
    <minit>G</minit> 
    <emailaddr>TomPetty@mailinator.com</emailaddr>
    <minimumsalary>200000</minimumsalary>
    <applicantnotes>This applicant plays music.</applicantnotes>
</APPLICATION_DETAILS>

<APPLICATION_DETAILS>
    <appnumber>18</appnumber>
    <ADDRESS_DETAILS>
        <addressone>789 Long Street</addressone>
        <addresstwo>Unit 10</addresstwo>
        <city>Portland</city>
        <state>ME</state>
        <zip>04105</zip>
    </ADDRESS_DETAILS> 
    <licenseno>4422119</licenseno>
    <firstname>Bob</firstname>
    <lastname>Ross</lastname>
    <minit>M</minit> 
    <emailaddr>BobRoss@mailinator.com</emailaddr>
    <minimumsalary>50000</minimumsalary>
    <applicantnotes>Really good painter.</applicantnotes>
</APPLICATION_DETAILS>

<APPLICATION_DETAILS>
    <appnumber>22</appnumber>
    <ADDRESS_DETAILS>
        <addressone>10 Way Ave</addressone>
        <addresstwo>Unit 11</addresstwo>
        <city>Miluwakee</city>
        <state>WI</state>
        <zip>92554</zip>
    </ADDRESS_DETAILS> 
    <licenseno>5477439</licenseno>
    <firstname>Arnold</firstname>
    <lastname>Schwarzenegger</lastname>
    <minit>V</minit> 
    <emailaddr>IllBeBack@mailinator.com</emailaddr>
    <minimumsalary>75000</minimumsalary>
    <applicantnotes>This applicant seems a bit robotic.</applicantnotes>
</APPLICATION_DETAILS>

<APPLICATION_DETAILS>
    <appnumber>24</appnumber>
    <ADDRESS_DETAILS>
        <addressone>11 Marginal Way</addressone>
        <addresstwo>Unit 12</addresstwo>
        <city>Boston</city>
        <state>MA</state>
        <zip>92115</zip>
    </ADDRESS_DETAILS> 
    <licenseno>3343893</licenseno>
    <firstname>Wayne</firstname>
    <lastname>Gretsky</lastname>
    <minit>O</minit> 
    <emailaddr>Gooooal@mailinator.com</emailaddr>
    <minimumsalary>24850</minimumsalary>
    <applicantnotes>This applicant has good skills on the ice.</applicantnotes>
</APPLICATION_DETAILS>